SET SQL_MODE = "NO_AUTO_VALUE_ON_ZERO";
SET time_zone = "+00:00";

--
-- Database: `gnf_noah`
--

--
-- Dumping data for table `agreement_types`
--

INSERT IGNORE INTO `agreement_types` (`agreement_type_id`, `agreement_type_name`, `agreement_type_description`) VALUES
(1, 'HW Support', 'Harware Support'),
(2, 'OS Support', 'OS support'),
(3, 'License Support', 'License support'),
(4, 'Smart Hands', 'Field Engineer support'),
(5, 'Break & Fix', 'Extended Hardware Support');

--
-- Dumping data for table `asset_status`
--

INSERT IGNORE INTO `asset_status` (`assetstatus_id`, `assetstatus_name`, `assetstatus_desc`, `image_link`, `status_icon_color`) VALUES
(1, 'Unknown', 'Unknown State', 'icons-non-version', 'black'),
(2, 'Switched off', 'Asset has no Power', 'icons-modified', 'red'),
(3, 'Ready for deployment', 'Asset is ready for OS', 'icons-sticky', 'red'),
(4, 'In Deployment', 'OS and/or applications are being implemented', 'icons-bug', 'yellow'),
(5, 'Ready for operation', 'The Asset is awaiting the final acceptance test', 'icons-lock', 'black'),
(6, 'In Operation', 'Asset is used and in production', 'icons-normal', 'green'),
(7, 'Under decommission', 'Asset is being taken down for storage or other use.', 'icons-deleted', 'purple'),
(8, 'Not in operation', 'Asset has Power but is not in use', 'icons-deleted', 'green');

--
-- Dumping data for table `asset_types`
--

INSERT IGNORE INTO `asset_types` (`type_id`, `locked_record`, `type_entity`, `type_name`, `type_description`) VALUES
(1, 1, 0, 'Cluster', 'The Cluster Virtual Master'),
(2, 1, 0, 'DiskSystem', 'SAN System'),
(3, 1, 1, 'ViP', 'Versatile Interface Processor'),
(4, 0, 0, 'VFirewall', 'A Virtual Firewall'),
(5, 0, 0, 'Server', '&amp;lt;p&amp;gt;Definition of a server&amp;lt;/p&amp;gt;'),
(6, 1, 0, 'Switch', 'Network switches'),
(7, 0, 0, 'Router', 'Network routers'),
(8, 0, 0, 'Director', 'Storage switches'),
(9, 0, 0, 'Firewall', 'A physical Firewall'),
(12, 0, 1, 'Virtual Host', 'A host residing on a Virtual setup'),
(13, 0, 1, 'Virtual Guest', 'The Virtual Machine'),
(14, 0, 0, 'Tape Station', 'Tape Stations'),
(15, 1, 0, 'Enclosure', ''),
(16, 0, 0, 'FC Switch', ''),
(17, 0, 0, 'KVM Switch', ''),
(19, 0, 0, 'Network Switch', ''),
(20, 0, 0, 'UPS', 'Uninterruptible power supply'),
(21, 0, 0, 'Wireless Access Point', 'test'),
(22, 0, 0, 'SQL Database', 'Microsoft dims'),
(23, 0, 0, 'Oracle database', 'Enkelt instans af en (pisse dyr) database'),
(24, 1, 0, 'Management Server', 'Server assigned to manage other servers, clusters or services'),
(25, 1, 0, 'Storage Switch', 'Switches connecting hosts with Storage');

--
-- Dumping data for table `asset_type_elements`
--

INSERT IGNORE INTO `asset_type_elements` (`ate_id`, `ate_name`, `ate_description`) VALUES
(1, 'Administrative', 'Administrative data related to an asset/customer'),
(2, 'Licenses', 'Licenses assigned to asset or related to a customer'),
(3, 'Passwords', 'Passwords related to assets or customers'),
(4, 'Local Storage', 'Internal storage in asset'),
(5, 'External Storage', 'Attached storage to asset'),
(6, 'HBA Interfaces', 'Direct attached storage interfaces'),
(7, 'Network Interfaces', 'Interfaces connecting asset to network.'),
(8, 'Files', 'Uploaded files.'),
(9, 'Domains', 'Attached domains - to customer or asset.'),
(10, 'Revisions', 'Acknowledged actions from Maintenances.'),
(11, 'NDP', 'Snmp data from NDP scripts - Look in Configurations/Background Scripts menu.'),
(12, 'Applications', 'Applications related to asset or customers'),
(13, 'Backup', 'Data backup on asset'),
(14, 'Circuits', 'Connected Circuits - connected via Edit Circuit.'),
(15, 'Documents', 'Documents from Ndocs related to asset.'),
(16, 'Users', 'User with relation to environments via their assigned role. Related to Segregation of Duty (SoD)'),
(17, 'Parts', 'Parts of an asset.'),
(18, 'Child Assets', 'Assets connected to this asset(parent).'),
(19, 'Cluster Nodes/Guests', 'Assets connected to this asset(Cluster).'),
(98, 'Certificates', 'Certificates related to VPN, Domains or SSH connections.');

--
-- Dumping data for table `ate_type_rel`
--

INSERT IGNORE INTO `ate_type_rel` (`ate_id`, `type_id`) VALUES
(1, 1),
(2, 1),
(3, 1),
(4, 1),
(5, 1),
(6, 1),
(7, 1),
(8, 1),
(9, 1),
(10, 1),
(11, 1),
(12, 1),
(13, 1),
(14, 1),
(15, 1),
(16, 1),
(17, 1),
(18, 1),
(19, 1),
(1, 2),
(2, 2),
(3, 2),
(4, 2),
(5, 2),
(6, 2),
(7, 2),
(8, 2),
(9, 2),
(10, 2),
(11, 2),
(12, 2),
(13, 2),
(14, 2),
(15, 2),
(16, 2),
(17, 2),
(18, 2),
(19, 2),
(1, 3),
(2, 3),
(3, 3),
(4, 3),
(5, 3),
(6, 3),
(7, 3),
(8, 3),
(9, 3),
(10, 3),
(11, 3),
(12, 3),
(13, 3),
(14, 3),
(15, 3),
(16, 3),
(17, 3),
(18, 3),
(19, 3),
(1, 4),
(2, 4),
(3, 4),
(4, 4),
(5, 4),
(6, 4),
(7, 4),
(8, 4),
(9, 4),
(10, 4),
(11, 4),
(12, 4),
(13, 4),
(14, 4),
(15, 4),
(16, 4),
(17, 4),
(18, 4),
(19, 4),
(1, 6),
(2, 6),
(3, 6),
(4, 6),
(5, 6),
(6, 6),
(7, 6),
(8, 6),
(9, 6),
(10, 6),
(11, 6),
(12, 6),
(13, 6),
(14, 6),
(15, 6),
(16, 6),
(17, 6),
(18, 6),
(19, 6),
(1, 7),
(2, 7),
(3, 7),
(4, 7),
(5, 7),
(6, 7),
(7, 7),
(8, 7),
(9, 7),
(10, 7),
(11, 7),
(12, 7),
(13, 7),
(14, 7),
(15, 7),
(16, 7),
(17, 7),
(18, 7),
(19, 7),
(1, 8),
(2, 8),
(3, 8),
(4, 8),
(5, 8),
(6, 8),
(7, 8),
(8, 8),
(9, 8),
(10, 8),
(11, 8),
(12, 8),
(13, 8),
(14, 8),
(15, 8),
(16, 8),
(17, 8),
(18, 8),
(19, 8),
(1, 9),
(2, 9),
(3, 9),
(4, 9),
(5, 9),
(6, 9),
(7, 9),
(8, 9),
(9, 9),
(10, 9),
(11, 9),
(12, 9),
(13, 9),
(14, 9),
(15, 9),
(16, 9),
(17, 9),
(18, 9),
(19, 9),
(1, 12),
(2, 12),
(3, 12),
(4, 12),
(5, 12),
(6, 12),
(7, 12),
(8, 12),
(9, 12),
(10, 12),
(11, 12),
(12, 12),
(13, 12),
(14, 12),
(15, 12),
(16, 12),
(17, 12),
(18, 12),
(19, 12),
(1, 13),
(2, 13),
(3, 13),
(4, 13),
(5, 13),
(6, 13),
(7, 13),
(8, 13),
(9, 13),
(10, 13),
(11, 13),
(12, 13),
(13, 13),
(14, 13),
(15, 13),
(16, 13),
(17, 13),
(18, 13),
(19, 13),
(1, 14),
(2, 14),
(3, 14),
(4, 14),
(5, 14),
(6, 14),
(7, 14),
(8, 14),
(9, 14),
(10, 14),
(11, 14),
(12, 14),
(13, 14),
(14, 14),
(15, 14),
(16, 14),
(17, 14),
(18, 14),
(19, 14),
(1, 15),
(2, 15),
(3, 15),
(4, 15),
(5, 15),
(6, 15),
(7, 15),
(8, 15),
(9, 15),
(10, 15),
(11, 15),
(12, 15),
(13, 15),
(14, 15),
(15, 15),
(16, 15),
(17, 15),
(18, 15),
(19, 15),
(1, 16),
(2, 16),
(3, 16),
(4, 16),
(5, 16),
(6, 16),
(7, 16),
(8, 16),
(9, 16),
(10, 16),
(11, 16),
(12, 16),
(13, 16),
(14, 16),
(15, 16),
(16, 16),
(17, 16),
(18, 16),
(19, 16),
(1, 17),
(2, 17),
(3, 17),
(4, 17),
(5, 17),
(6, 17),
(7, 17),
(8, 17),
(9, 17),
(10, 17),
(11, 17),
(12, 17),
(13, 17),
(14, 17),
(15, 17),
(16, 17),
(17, 17),
(18, 17),
(19, 17),
(1, 19),
(2, 19),
(3, 19),
(4, 19),
(5, 19),
(6, 19),
(7, 19),
(8, 19),
(9, 19),
(10, 19),
(11, 19),
(12, 19),
(13, 19),
(14, 19),
(15, 19),
(16, 19),
(17, 19),
(18, 19),
(19, 19),
(1, 20),
(2, 20),
(3, 20),
(4, 20),
(5, 20),
(6, 20),
(7, 20),
(8, 20),
(9, 20),
(10, 20),
(11, 20),
(12, 20),
(13, 20),
(14, 20),
(15, 20),
(16, 20),
(17, 20),
(18, 20),
(19, 20),
(1, 21),
(2, 21),
(3, 21),
(4, 21),
(5, 21),
(6, 21),
(7, 21),
(8, 21),
(9, 21),
(10, 21),
(11, 21),
(12, 21),
(13, 21),
(14, 21),
(15, 21),
(16, 21),
(17, 21),
(18, 21),
(19, 21),
(1, 22),
(2, 22),
(3, 22),
(4, 22),
(5, 22),
(6, 22),
(7, 22),
(8, 22),
(9, 22),
(10, 22),
(11, 22),
(12, 22),
(13, 22),
(14, 22),
(15, 22),
(16, 22),
(17, 22),
(18, 22),
(19, 22),
(1, 23),
(2, 23),
(3, 23),
(4, 23),
(5, 23),
(6, 23),
(7, 23),
(8, 23),
(9, 23),
(10, 23),
(11, 23),
(12, 23),
(13, 23),
(14, 23),
(15, 23),
(16, 23),
(17, 23),
(18, 23),
(19, 23),
(1, 24),
(2, 24),
(3, 24),
(4, 24),
(5, 24),
(6, 24),
(7, 24),
(8, 24),
(9, 24),
(10, 24),
(11, 24),
(12, 24),
(13, 24),
(14, 24),
(15, 24),
(16, 24),
(17, 24),
(18, 24),
(19, 24),
(1, 25),
(2, 25),
(3, 25),
(4, 25),
(5, 25),
(6, 25),
(7, 25),
(8, 25),
(9, 25),
(10, 25),
(11, 25),
(12, 25),
(13, 25),
(14, 25),
(15, 25),
(16, 25),
(17, 25),
(18, 25),
(19, 25),
(1, 5),
(2, 5),
(3, 5),
(4, 5),
(5, 5),
(6, 5),
(7, 5),
(8, 5),
(9, 5),
(10, 5),
(11, 5),
(12, 5),
(13, 5),
(14, 5),
(15, 5),
(16, 5),
(17, 5),
(18, 5),
(19, 5),
(98, 5);

--
-- Dumping data for table `backups`
--

INSERT IGNORE INTO `backups` (`backup_id`, `backup_name`, `backup_description`) VALUES
(1, 'TSM', 'TSM Backup from IBM'),
(2, 'Veeam', 'Veeam backup');

--
-- Dumping data for table `circuit_types`
--

INSERT IGNORE INTO `circuit_types` (`circuit_type_id`, `circuit_type_name`, `circuit_type_description`) VALUES
(1, 'MPLS', 'MPLS connection'),
(2, '2MB ADSL', '2 Mb Adsl connection'),
(3, 'ATM', 'X25 Connection'),
(4, 'Fiber-Black', 'Physical fiber connection'),
(5, 'Fiber-Grey', 'Part of Physical fiber connection'),
(6, 'VPN', 'VPN Connection between locations');

--
-- Dumping data for table `contact_types`
--

INSERT IGNORE INTO `contact_types` (`contact_type_id`, `contact_type_name`, `contact_type_description`) VALUES
(1, 'Primary Contact', 'The person you contact when there is something needed to be communicated to the customer.'),
(2, 'Primary Techie', 'The person you contact if there is something needed to be communicated regarding the customers asset(s)'),
(3, '24x7', 'Round the clock contacts');

--
-- Dumping data for table `core_scripts`
--

INSERT IGNORE INTO `core_scripts` (`script_id`, `script_active`, `script_last_run`, `script_name`, `script_description`) VALUES
(2, 0, '0000-00-00 00:00:00', 'crontab_agreement_warning.php', 'check for agreement expire dates'),
(3, 0, '0000-00-00 00:00:00', 'crontab_create2D.php', 'Creating 2DBar images in /var/upload'),
(4, 1, '2020-08-18 10:43:01', 'crontab_imap_ticket.php', 'Reads IMAP account and creates Tickets based on mail received.'),
(6, 0, '2020-02-16 19:21:01', 'crontab_check_breached_tickets.php', 'Checks for tickets that has been breach according to SLA.'),
(7, 0, '2020-02-26 20:42:01', 'crontab_ticket_checks.php', 'Various checks for tickets. Reminders, handling aso..'),
(8, 0, '2017-07-11 00:00:01', 'crontab_its_summaries.php', 'Summarizes ITS stats. Fastest/Slowest Ack/Closure on Overview page.'),
(9, 0, '0000-00-00 00:00:00', 'crontab_asset_warranty_warning.php', 'Checks for Asset Warranty Expire.'),
(10, 0, '2017-07-11 08:56:01', 'crontab_transfer_portal_data.php', 'Updates the Portal with data to and from. Only used in conjunction with enabling the Portal (above).'),
(11, 0, '2013-07-12 06:00:01', 'crontab_maintenance_checks.php', 'Checks for upcomming maintenanance windows and emails alerts within the warning time.'),
(13, 0, '0000-00-00 00:00:00', 'crontab_workflow_ctrl.php', 'Looks into active and approved workflows and creates tickets based on criterias set in workflow tasks.'),
(14, 1, '2020-08-17 23:02:11', 'crontab_ldap_user_data.php', 'For every active user registered in Noah, update user data from LDAP server. Recommended running once dayly(default) or weekly.'),
(15, 0, '2019-02-11 06:00:01', 'crontab_create_and_send_report.php', 'Creates reports and mails it to the user requesting in selected intervals..'),
(17, 1, '2020-08-18 10:00:01', 'crontab_imap_ticket_update_only.php', 'Receives emails and updates tickets based on Subject line having ticket id specified.'),
(18, 1, '2020-08-18 03:00:04', 'crontab_get_currencies.php', 'Receives currencies from https://exchangeratesapi.io via REST API. Run daily.');

--
-- Dumping data for table `countries`
--

INSERT IGNORE INTO `countries` (`country_id`, `iso`, `name`) VALUES
(1, 'AF', 'AFGHANISTAN'),
(2, 'AX', 'Ã…LAND ISLANDS'),
(3, 'AL', 'ALBANIA'),
(4, 'DZ', 'ALGERIA'),
(5, 'AS', 'AMERICAN SAMOA'),
(6, 'AD', 'ANDORRA'),
(7, 'AO', 'ANGOLA'),
(8, 'AI', 'ANGUILLA'),
(9, 'AQ', 'ANTARCTICA'),
(10, 'AG', 'ANTIGUA AND BARBUDA'),
(11, 'AR', 'ARGENTINA'),
(12, 'AM', 'ARMENIA'),
(13, 'AW', 'ARUBA'),
(14, 'AU', 'AUSTRALIA'),
(15, 'AT', 'AUSTRIA'),
(16, 'AZ', 'AZERBAIJAN'),
(17, 'BS', 'BAHAMAS'),
(18, 'BH', 'BAHRAIN'),
(19, 'BD', 'BANGLADESH'),
(20, 'BB', 'BARBADOS'),
(21, 'BY', 'BELARUS'),
(22, 'BE', 'BELGIUM'),
(23, 'BZ', 'BELIZE'),
(24, 'BJ', 'BENIN'),
(25, 'BM', 'BERMUDA'),
(26, 'BT', 'BHUTAN'),
(27, 'BO', 'BOLIVIA, PLURINATIONAL STATE OF'),
(28, 'BA', 'BOSNIA AND HERZEGOVINA'),
(29, 'BW', 'BOTSWANA'),
(30, 'BV', 'BOUVET ISLAND'),
(31, 'BR', 'BRAZIL'),
(32, 'IO', 'BRITISH INDIAN OCEAN TERRITORY'),
(33, 'BN', 'BRUNEI DARUSSALAM'),
(34, 'BG', 'BULGARIA'),
(35, 'BF', 'BURKINA FASO'),
(36, 'BI', 'BURUNDI'),
(37, 'KH', 'CAMBODIA'),
(38, 'CM', 'CAMEROON'),
(39, 'CA', 'CANADA'),
(40, 'CV', 'CAPE VERDE'),
(41, 'KY', 'CAYMAN ISLANDS'),
(42, 'CF', 'CENTRAL AFRICAN REPUBLIC'),
(43, 'TD', 'CHAD'),
(44, 'CL', 'CHILE'),
(45, 'CN', 'CHINA'),
(46, 'CX', 'CHRISTMAS ISLAND'),
(47, 'CC', 'COCOS (KEELING) ISLANDS'),
(48, 'CO', 'COLOMBIA'),
(49, 'KM', 'COMOROS'),
(50, 'CG', 'CONGO'),
(51, 'CD', 'CONGO, THE DEMOCRATIC REPUBLIC OF THE'),
(52, 'CK', 'COOK ISLANDS'),
(53, 'CR', 'COSTA RICA'),
(54, 'CI', 'CÃ”TE D\'IVOIRE'),
(55, 'HR', 'CROATIA'),
(56, 'CU', 'CUBA'),
(57, 'CY', 'CYPRUS'),
(58, 'CZ', 'CZECH REPUBLIC'),
(59, 'DK', 'DENMARK'),
(60, 'DJ', 'DJIBOUTI'),
(61, 'DM', 'DOMINICA'),
(62, 'DO', 'DOMINICAN REPUBLIC'),
(63, 'EC', 'ECUADOR'),
(64, 'EG', 'EGYPT'),
(65, 'SV', 'EL SALVADOR'),
(66, 'GQ', 'EQUATORIAL GUINEA'),
(67, 'ER', 'ERITREA'),
(68, 'EE', 'ESTONIA'),
(69, 'ET', 'ETHIOPIA'),
(70, 'FK', 'FALKLAND ISLANDS (MALVINAS)'),
(71, 'FO', 'FAROE ISLANDS'),
(72, 'FJ', 'FIJI'),
(73, 'FI', 'FINLAND'),
(74, 'FR', 'FRANCE'),
(75, 'GF', 'FRENCH GUIANA'),
(76, 'PF', 'FRENCH POLYNESIA'),
(77, 'TF', 'FRENCH SOUTHERN TERRITORIES'),
(78, 'GA', 'GABON'),
(79, 'GM', 'GAMBIA'),
(80, 'GE', 'GEORGIA'),
(81, 'DE', 'GERMANY'),
(82, 'GH', 'GHANA'),
(83, 'GI', 'GIBRALTAR'),
(84, 'GR', 'GREECE'),
(85, 'GL', 'GREENLAND'),
(86, 'GD', 'GRENADA'),
(87, 'GP', 'GUADELOUPE'),
(88, 'GU', 'GUAM'),
(89, 'GT', 'GUATEMALA'),
(90, 'GG', 'GUERNSEY'),
(91, 'GN', 'GUINEA'),
(92, 'GW', 'GUINEA-BISSAU'),
(93, 'GY', 'GUYANA'),
(94, 'HT', 'HAITI'),
(95, 'HM', 'HEARD ISLAND AND MCDONALD ISLANDS'),
(96, 'VA', 'HOLY SEE (VATICAN CITY STATE)'),
(97, 'HN', 'HONDURAS'),
(98, 'HK', 'HONG KONG'),
(99, 'HU', 'HUNGARY'),
(100, 'IS', 'ICELAND'),
(101, 'IN', 'INDIA'),
(102, 'ID', 'INDONESIA'),
(103, 'IR', 'IRAN, ISLAMIC REPUBLIC OF'),
(104, 'IQ', 'IRAQ'),
(105, 'IE', 'IRELAND'),
(106, 'IM', 'ISLE OF MAN'),
(107, 'IL', 'ISRAEL'),
(108, 'IT', 'ITALY'),
(109, 'JM', 'JAMAICA'),
(110, 'JP', 'JAPAN'),
(111, 'JE', 'JERSEY'),
(112, 'JO', 'JORDAN'),
(113, 'KZ', 'KAZAKHSTAN'),
(114, 'KE', 'KENYA'),
(115, 'KI', 'KIRIBATI'),
(116, 'KP', 'KOREA, DEMOCRATIC PEOPLE\'S REPUBLIC OF'),
(117, 'KR', 'KOREA, REPUBLIC OF'),
(118, 'KW', 'KUWAIT'),
(119, 'KG', 'KYRGYZSTAN'),
(120, 'LA', 'LAO PEOPLE\'S DEMOCRATIC REPUBLIC'),
(121, 'LV', 'LATVIA'),
(122, 'LB', 'LEBANON'),
(123, 'LS', 'LESOTHO'),
(124, 'LR', 'LIBERIA'),
(125, 'LY', 'LIBYAN ARAB JAMAHIRIYA'),
(126, 'LI', 'LIECHTENSTEIN'),
(127, 'LT', 'LITHUANIA'),
(128, 'LU', 'LUXEMBOURG'),
(129, 'MO', 'MACAO'),
(130, 'MK', 'MACEDONIA, THE FORMER YUGOSLAV REPUBLIC OF'),
(131, 'MG', 'MADAGASCAR'),
(132, 'MW', 'MALAWI'),
(133, 'MY', 'MALAYSIA'),
(134, 'MV', 'MALDIVES'),
(135, 'ML', 'MALI'),
(136, 'MT', 'MALTA'),
(137, 'MH', 'MARSHALL ISLANDS'),
(138, 'MQ', 'MARTINIQUE'),
(139, 'MR', 'MAURITANIA'),
(140, 'MU', 'MAURITIUS'),
(141, 'YT', 'MAYOTTE'),
(142, 'MX', 'MEXICO'),
(143, 'FM', 'MICRONESIA, FEDERATED STATES OF'),
(144, 'MD', 'MOLDOVA, REPUBLIC OF'),
(145, 'MC', 'MONACO'),
(146, 'MN', 'MONGOLIA'),
(147, 'ME', 'MONTENEGRO'),
(148, 'MS', 'MONTSERRAT'),
(149, 'MA', 'MOROCCO'),
(150, 'MZ', 'MOZAMBIQUE'),
(151, 'MM', 'MYANMAR'),
(152, 'NA', 'NAMIBIA'),
(153, 'NR', 'NAURU'),
(154, 'NP', 'NEPAL'),
(155, 'NL', 'NETHERLANDS'),
(156, 'AN', 'NETHERLANDS ANTILLES'),
(157, 'NC', 'NEW CALEDONIA'),
(158, 'NZ', 'NEW ZEALAND'),
(159, 'NI', 'NICARAGUA'),
(160, 'NE', 'NIGER'),
(161, 'NG', 'NIGERIA'),
(162, 'NU', 'NIUE'),
(163, 'NF', 'NORFOLK ISLAND'),
(164, 'MP', 'NORTHERN MARIANA ISLANDS'),
(165, 'NO', 'NORWAY'),
(166, 'OM', 'OMAN'),
(167, 'PK', 'PAKISTAN'),
(168, 'PW', 'PALAU'),
(169, 'PS', 'PALESTINIAN TERRITORY, OCCUPIED'),
(170, 'PA', 'PANAMA'),
(171, 'PG', 'PAPUA NEW GUINEA'),
(172, 'PY', 'PARAGUAY'),
(173, 'PE', 'PERU'),
(174, 'PH', 'PHILIPPINES'),
(175, 'PN', 'PITCAIRN'),
(176, 'PL', 'POLAND'),
(177, 'PT', 'PORTUGAL'),
(178, 'PR', 'PUERTO RICO'),
(179, 'QA', 'QATAR'),
(180, 'RE', 'RÃ‰UNION'),
(181, 'RO', 'ROMANIA'),
(182, 'RU', 'RUSSIAN FEDERATION'),
(183, 'RW', 'RWANDA'),
(184, 'BL', 'SAINT BARTHÃ‰LEMY'),
(185, 'SH', 'SAINT HELENA'),
(186, 'KN', 'SAINT KITTS AND NEVIS'),
(187, 'LC', 'SAINT LUCIA'),
(188, 'MF', 'SAINT MARTIN'),
(189, 'PM', 'SAINT PIERRE AND MIQUELON'),
(190, 'VC', 'SAINT VINCENT AND THE GRENADINES'),
(191, 'WS', 'SAMOA'),
(192, 'SM', 'SAN MARINO'),
(193, 'ST', 'SAO TOME AND PRINCIPE'),
(194, 'SA', 'SAUDI ARABIA'),
(195, 'SN', 'SENEGAL'),
(196, 'RS', 'SERBIA'),
(197, 'SC', 'SEYCHELLES'),
(198, 'SL', 'SIERRA LEONE'),
(199, 'SG', 'SINGAPORE'),
(200, 'SK', 'SLOVAKIA'),
(201, 'SI', 'SLOVENIA'),
(202, 'SB', 'SOLOMON ISLANDS'),
(203, 'SO', 'SOMALIA'),
(204, 'ZA', 'SOUTH AFRICA'),
(205, 'GS', 'SOUTH GEORGIA AND THE SOUTH SANDWICH ISLANDS'),
(206, 'ES', 'SPAIN'),
(207, 'LK', 'SRI LANKA'),
(208, 'SD', 'SUDAN'),
(209, 'SR', 'SURINAME'),
(210, 'SJ', 'SVALBARD AND JAN MAYEN'),
(211, 'SZ', 'SWAZILAND'),
(212, 'SE', 'SWEDEN'),
(213, 'CH', 'SWITZERLAND'),
(214, 'SY', 'SYRIAN ARAB REPUBLIC'),
(215, 'TW', 'TAIWAN, PROVINCE OF CHINA'),
(216, 'TJ', 'TAJIKISTAN'),
(217, 'TZ', 'TANZANIA, UNITED REPUBLIC OF'),
(218, 'TH', 'THAILAND'),
(219, 'TL', 'TIMOR-LESTE'),
(220, 'TG', 'TOGO'),
(221, 'TK', 'TOKELAU'),
(222, 'TO', 'TONGA'),
(223, 'TT', 'TRINIDAD AND TOBAGO'),
(224, 'TN', 'TUNISIA'),
(225, 'TR', 'TURKEY'),
(226, 'TM', 'TURKMENISTAN'),
(227, 'TC', 'TURKS AND CAICOS ISLANDS'),
(228, 'TV', 'TUVALU'),
(229, 'UG', 'UGANDA'),
(230, 'UA', 'UKRAINE'),
(231, 'AE', 'UNITED ARAB EMIRATES'),
(232, 'GB', 'UNITED KINGDOM'),
(233, 'US', 'UNITED STATES'),
(234, 'UM', 'UNITED STATES MINOR OUTLYING ISLANDS'),
(235, 'UY', 'URUGUAY'),
(236, 'UZ', 'UZBEKISTAN'),
(237, 'VU', 'VANUATU'),
(238, 'VE', 'VENEZUELA, BOLIVARIAN REPUBLIC OF'),
(239, 'VN', 'VIET NAM'),
(240, 'VG', 'VIRGIN ISLANDS, BRITISH'),
(241, 'VI', 'VIRGIN ISLANDS, U.S.'),
(242, 'WF', 'WALLIS AND FUTUNA'),
(243, 'EH', 'WESTERN SAHARA'),
(244, 'YE', 'YEMEN'),
(245, 'ZM', 'ZAMBIA'),
(246, 'ZW', 'ZIMBABWE');

--
-- Dumping data for table `cpu_types`
--

INSERT IGNORE INTO `cpu_types` (`cpu_id`, `cpu_model`, `cpu_cores`) VALUES
(1, 'Amd X64 QuadCore 3Ghz', 1),
(2, 'Amd X64 QuadCore 2Ghz', 3),
(3, 'Pentium4 QuadCore 2.3Ghz', 2),
(4, 'Intel(R) Xeon(TM) CPU 4.20GHz', 4),
(5, 'Intel(R) Xeon(TM) CPU 3.20GHz', 0),
(11, 'Intel(R) Xeon(TM) CPU 3.20GHz', 4);

--
-- Dumping data for table `crontab_control`
--

INSERT IGNORE INTO `crontab_control` (`cron_id`, `core_script_id`, `cron_time`, `cron_interval`, `cron_interval_type`, `cron_next_run`, `cron_status`) VALUES
(1, 1, '00:00:00', 1, 'minute', '2012-10-19 22:51:00', 0),
(2, 2, '06:00:00', 1, 'day', '2012-10-20 09:01:00', 0),
(3, 3, '07:00:00', 1, 'day', '2012-10-20 09:00:00', 0),
(4, 4, '00:00:00', 2, 'minute', '2020-08-18 10:45:00', 0),
(5, 5, '00:00:00', 5, 'day', '2012-10-20 09:41:00', 0),
(6, 6, '00:00:00', 1, 'minute', '2020-02-16 19:22:00', 0),
(7, 7, '00:00:00', 1, 'hour', '2020-02-26 21:42:00', 0),
(8, 8, '00:00:00', 1, 'day', '2017-07-12 00:00:00', 0),
(9, 9, '00:00:00', 1, 'day', '2012-10-20 09:41:00', 0),
(10, 10, '00:00:00', 1, 'minute', '2017-07-11 08:57:00', 0),
(11, 11, '06:00:00', 1, 'day', '2013-07-13 06:00:00', 0),
(12, 12, '00:00:00', 1, 'day', '1970-01-01 23:59:00', 0),
(13, 13, '00:00:00', 1, 'minute', '1970-01-01 23:59:00', 0),
(14, 14, '23:00:00', 1, 'day', '2020-08-18 23:02:00', 0),
(15, 15, '07:00:00', 1, 'day', '2019-02-12 07:00:00', 0),
(16, 16, '07:00:00', 1, 'day', '2019-02-12 07:00:00', 0),
(17, 17, '00:00:00', 1, 'hour', '2020-08-18 11:00:00', 0),
(18, 18, '03:00:00', 1, 'day', '2020-08-19 03:00:00', 0);

--
-- Dumping data for table `enclosure_templates`
--

INSERT IGNORE INTO `enclosure_templates` (`enclosure_template_id`, `enclosure_template_name`, `enclosure_template_manufactor`, `enclosure_template_slots`, `enclosure_template_rows`, `enclosure_template_units`, `enclosure_numbering_direction`, `enclosure_template_back_rows`, `enclosure_template_back_slots`) VALUES
(1, 'C7000-1', 'Hewlett Packard', 8, 2, 8, 0, 1, 2),
(2, 'C3000', 'Hewlett Packard', 8, 1, 3, 0, 0, 0);

--
-- Dumping data for table `environments`
--

INSERT IGNORE INTO `environments` (`environment_id`, `environment_name`, `environment_description`) VALUES
(1, 'Development', 'Development servers/equipment/applications'),
(2, 'Test', 'Test servers/equipment/applications'),
(3, 'Preproduction', 'Preproduction  servers/equipment/applications'),
(4, 'Production', 'Production servers/equipment/applications');

--
-- Dumping data for table `event_types`
--

INSERT IGNORE INTO `event_types` (`event_type_id`, `event_type_name`, `event_type_description`, `event_type_icon_link`, `event_type_icon_color`) VALUES
(1, 'Holiday', '', 'icons-added', 'blue'),
(2, 'Illness', '', 'icons-lock', 'red'),
(3, 'External Meeting', '', 'icons-hot', 'black');

--
-- Dumping data for table `icann_list`
--

INSERT IGNORE INTO `icann_list` (`icann_id`, `icann_short`, `icann_description`) VALUES
(1, 'ac', 'Ascension Island'),
(2, 'ac.uk', 'Education UK'),
(3, 'ad', 'Andorra'),
(4, 'ae', 'United Arab Emirates'),
(5, 'af', 'Afghanistan'),
(6, 'ag', 'Antigua and Barbuda'),
(7, 'ai', 'Anguilla'),
(8, 'al', 'Albania'),
(9, 'am', 'Armenia'),
(10, 'an', 'Netherlands Antilles'),
(11, 'ao', 'Angola'),
(12, 'aq', 'Antarctica'),
(13, 'ar', 'Argentina'),
(14, 'as', 'American Samoa'),
(15, 'at', 'Austria'),
(16, 'au', 'Australia'),
(17, 'aw', 'Aruba'),
(18, 'az', 'Azerbaijan'),
(19, 'ba', 'Bosnia Hercegovina'),
(20, 'bb', 'Barbados'),
(21, 'bd', 'Bangladesh'),
(22, 'be', 'Belgium'),
(23, 'bf', 'Burkina Faso'),
(24, 'bg', 'Bulgaria'),
(25, 'bh', 'Bahrain'),
(26, 'bi', 'Burundi'),
(27, 'bj', 'Benin'),
(28, 'bm', 'Bermuda'),
(29, 'bn', 'Brunei Darussalam'),
(30, 'bo', 'Bolivia'),
(31, 'br', 'Brazil'),
(32, 'bs', 'Bahamas'),
(33, 'bt', 'Bhutan'),
(34, 'bv', 'Bouvet Island'),
(35, 'bw', 'Botswana'),
(36, 'by', 'Belarus Byelorussia'),
(37, 'bz', 'Belize'),
(38, 'ca', 'Canada'),
(39, 'cc', 'Cocos Islands Keeling'),
(40, 'cd', 'Congo Democratic Republic of the'),
(41, 'cf', 'Central African Republic'),
(42, 'cg', 'Congo Republic of'),
(43, 'ch', 'Switzerland'),
(44, 'ci', 'Cote d-Ivoire Ivory Coast'),
(45, 'ck', 'Cook Islands'),
(46, 'cl', 'Chile'),
(47, 'cm', 'Cameroon'),
(48, 'cn', 'China'),
(49, 'co', 'Colombia'),
(50, 'co.uk', 'Commercial United Kingdom'),
(51, 'com', 'Commercial'),
(52, 'cr', 'Costa Rica'),
(53, 'cs', 'Czechoslovakia'),
(54, 'cu', 'Cuba'),
(55, 'cv', 'Cape Verde'),
(56, 'cx', 'Christmas Island'),
(57, 'cy', 'Cyprus'),
(58, 'cz', 'Czech Republic'),
(59, 'de', 'Germany'),
(60, 'dj', 'Djibouti'),
(61, 'dk', 'Denmark'),
(62, 'dm', 'Dominica'),
(63, 'do', 'Dominican Republic'),
(64, 'dz', 'Algeria'),
(65, 'ec', 'Ecuador'),
(66, 'edu', 'Educational Institution'),
(67, 'ee', 'Estonia'),
(68, 'eg', 'Egypt'),
(69, 'eh', 'Western Sahara'),
(70, 'er', 'Eritrea'),
(71, 'es', 'Spain'),
(72, 'et', 'Ethiopia'),
(73, 'fi', 'Finland'),
(74, 'fj', 'Fiji'),
(75, 'fk', 'Falkland Islands'),
(76, 'fm', 'Micronesia Federal State of'),
(77, 'fo', 'Faroe Islands'),
(78, 'fr', 'France'),
(79, 'ga', 'Gabon'),
(80, 'gd', 'Grenada'),
(81, 'ge', 'Georgia'),
(82, 'gf', 'French Guiana'),
(83, 'gg', 'Guernsey'),
(84, 'gh', 'Ghana'),
(85, 'gi', 'Gibraltar'),
(86, 'gl', 'Greenland'),
(87, 'gm', 'Gambia'),
(88, 'gn', 'Guinea'),
(89, 'gov', 'Government US'),
(90, 'gp', 'Guadeloupe'),
(91, 'gq', 'Equatorial Guinea'),
(92, 'gr', 'Greece'),
(93, 'gs', 'South Georgia and the South Sandwich Islands'),
(94, 'gt', 'Guatemala'),
(95, 'gu', 'Guam'),
(96, 'gw', 'Guinea-Bissau'),
(97, 'gy', 'Guyana'),
(98, 'hk', 'Hong Kong'),
(99, 'hm', 'Heard and McDonald Islands'),
(100, 'hn', 'Honduras'),
(101, 'hr', 'Croatia/Hrvatska'),
(102, 'ht', 'Haiti'),
(103, 'hu', 'Hungary'),
(104, 'id', 'Indonesia'),
(105, 'ie', 'Ireland'),
(106, 'il', 'Israel'),
(107, 'im', 'Isle of Man'),
(108, 'in', 'India'),
(109, 'int', 'International Organizations'),
(110, 'io', 'British Indian Ocean Territory'),
(111, 'iq', 'Iraq'),
(112, 'ir', 'Iran Islamic Republic of'),
(113, 'is', 'Iceland'),
(114, 'it', 'Italy'),
(115, 'je', 'Jersey'),
(116, 'jm', 'Jamaica'),
(117, 'jo', 'Jordan'),
(118, 'jp', 'Japan'),
(119, 'ke', 'Kenya'),
(120, 'kg', 'Kyrgyzstan'),
(121, 'kh', 'Cambodia'),
(122, 'ki', 'Kiribati'),
(123, 'km', 'Comoros'),
(124, 'kn', 'Saint Kitts and Nevis'),
(125, 'kp', 'Korea Democratic Peoples Republic'),
(126, 'kr', 'Korea Republic of'),
(127, 'kw', 'Kuwait'),
(128, 'ky', 'Cayman Islands'),
(129, 'kz', 'Kazakhstan'),
(130, 'la', 'Lao Peoples Democratic Republic'),
(131, 'lb', 'Lebanon'),
(132, 'lc', 'Saint Lucia'),
(133, 'li', 'Liechtenstein'),
(134, 'lk', 'Sri Lanka'),
(135, 'lr', 'Liberia'),
(136, 'ls', 'Lesotho'),
(137, 'lt', 'Lithuania'),
(138, 'lu', 'Luxembourg'),
(139, 'lv', 'Latvia'),
(140, 'ly', 'Libyan Arab Jamahiriya'),
(141, 'ma', 'Morocco'),
(142, 'mc', 'Monaco'),
(143, 'md', 'Moldova Republic of'),
(144, 'me', 'Montenegro'),
(145, 'mg', 'Madagascar'),
(146, 'mh', 'Marshall Islands'),
(147, 'mil', 'Military US Dept of Defense'),
(148, 'mk', 'Macedonia Former Yugoslav Republic'),
(149, 'ml', 'Mali'),
(150, 'mm', 'Myanmar'),
(151, 'mn', 'Mongolia'),
(152, 'mo', 'Macau'),
(153, 'mp', 'Northern Mariana Islands'),
(154, 'mq', 'Martinique'),
(155, 'mr', 'Mauritania'),
(156, 'ms', 'Montserrat'),
(157, 'mt', 'Malta'),
(158, 'mu', 'Mauritius'),
(159, 'mv', 'Maldives'),
(160, 'mw', 'Malawi'),
(161, 'mx', 'Mexico'),
(162, 'my', 'Malaysia'),
(163, 'mz', 'Mozambique'),
(164, 'na', 'Namibia'),
(165, 'nc', 'New Caledonia'),
(166, 'ne', 'Niger'),
(167, 'net', 'networks'),
(168, 'nf', 'Norfolk Island'),
(169, 'ng', 'Nigeria'),
(170, 'ni', 'Nicaragua'),
(171, 'nl', 'Netherlands'),
(172, 'no', 'Norway'),
(173, 'np', 'Nepal'),
(174, 'nr', 'Nauru'),
(175, 'nt', 'Neutral Zone'),
(176, 'nu', 'Niue'),
(177, 'nz', 'New Zealand'),
(178, 'om', 'Oman'),
(179, 'org', 'Organization non-profit'),
(180, 'pa', 'Panama'),
(181, 'pe', 'Peru'),
(182, 'pf', 'French Polynesia'),
(183, 'pg', 'Papua New Guinea'),
(184, 'ph', 'Philippines'),
(185, 'pk', 'Pakistan'),
(186, 'pl', 'Poland'),
(187, 'pm', 'St. Pierre and Miquelon'),
(188, 'pn', 'Pitcairn Island'),
(189, 'pr', 'Puerto Rico'),
(190, 'ps', 'Palestinian Territories'),
(191, 'pt', 'Portugal'),
(192, 'pw', 'Palau'),
(193, 'py', 'Paraguay'),
(194, 'qa', 'Qatar'),
(195, 're', 'Reunion Island'),
(196, 'ro', 'Romania'),
(197, 'ru', 'Russian Federation'),
(198, 'rw', 'Rwanda'),
(199, 'sa', 'Saudi Arabia'),
(200, 'sb', 'Solomon Islands'),
(201, 'sc', 'Seychelles'),
(202, 'sd', 'Sudan'),
(203, 'se', 'Sweden'),
(204, 'sg', 'Singapore'),
(205, 'sh', 'St. Helena'),
(206, 'si', 'Slovenia'),
(207, 'sj', 'Svalbard and Jan Mayen Islands'),
(208, 'sk', 'Slovak Republic'),
(209, 'sl', 'Sierra Leone'),
(210, 'sm', 'San Marino'),
(211, 'sn', 'Senegal'),
(212, 'so', 'Somalia'),
(213, 'sr', 'Suriname'),
(214, 'sv', 'El Salvador'),
(215, 'st', 'Sao Tome and Principe'),
(216, 'sy', 'Syrian Arab Republic'),
(217, 'sz', 'Swaziland'),
(218, 'tc', 'Turks and Caicos Islands'),
(219, 'td', 'Chad'),
(220, 'tf', 'French Southern Territories'),
(221, 'tg', 'Togo'),
(222, 'th', 'Thailand'),
(223, 'tj', 'Tajikistan'),
(224, 'tk', 'Tokelau'),
(225, 'tm', 'Turkmenistan'),
(226, 'tn', 'Tunisia'),
(227, 'to', 'Tonga'),
(228, 'tp', 'East Timor'),
(229, 'tr', 'Turkey'),
(230, 'tt', 'Trinidad and Tobago'),
(231, 'tv', 'Tuvalu'),
(232, 'tw', 'Taiwan'),
(233, 'tz', 'Tanzania'),
(234, 'ua', 'Ukraine'),
(235, 'ug', 'Uganda'),
(236, 'uk', 'United Kingdom'),
(237, 'um', 'US Minor Outlying Islands'),
(238, 'us', 'United States'),
(239, 'uy', 'Uruguay'),
(240, 'uz', 'Uzbekistan'),
(241, 'va', 'Holy See City Vatican State'),
(242, 'vc', 'Saint Vincent and the Grenadines'),
(243, 've', 'Venezuela'),
(244, 'vg', 'Virgin Islands British'),
(245, 'vi', 'Virgin Islands USA'),
(246, 'vn', 'Vietnam'),
(247, 'vu', 'Vanuatu'),
(248, 'wf', 'Wallis and Futuna Islands'),
(249, 'ws', 'Western Samoa'),
(250, 'ye', 'Yemen'),
(251, 'yt', 'Mayotte'),
(252, 'yu', 'Yugoslavia'),
(253, 'za', 'South Africa'),
(254, 'zm', 'Zambia'),
(255, 'zw', 'Zimbabwe'),
(256, 'aero', 'Air-transport industry'),
(257, 'asia', 'Asian Countries'),
(258, 'biz', 'Businesses'),
(259, 'coop', 'Cooperatives'),
(260, 'eu', 'European Countries'),
(261, 'info', 'Unrestricted use'),
(262, 'museum', 'Museums'),
(263, 'name', 'Individuals'),
(264, 'pro', 'Accountants lawyers'),
(265, 'travel', 'Travel related businesses'),
(266, 'local', 'Local/internal network');

--
-- Dumping data for table `impact_types`
--

INSERT IGNORE INTO `impact_types` (`impact_type_id`, `impact_type_name`, `impact_type_description`) VALUES
(1, 'Localized', 'Single user have been impacted.'),
(2, 'Limited', 'A group or several users have been impacted.'),
(3, 'Large', 'One department or multiple groups have been impacted.'),
(4, 'Global', 'Entire organanization or multiple departments has been impacted.');

--
-- Dumping data for table `item_types`
--

INSERT IGNORE INTO `item_types` (`item_type_id`, `item_type_name`, `item_type_description`) VALUES
(1, '1st Item-pej', 'The first item'),
(2, 'Password', ''),
(3, 'Login', 'User login'),
(4, 'Access Card', ''),
(5, 'Key', 'Manual twister thingy to open gates and doors..');

--
-- Dumping data for table `location_types`
--

INSERT IGNORE INTO `location_types` (`location_type_id`, `location_type_name`, `location_type_description`) VALUES
(1, 'Datacenter', 'Datacenter with many types of assets'),
(2, 'FSL', 'Forward Stock Location'),
(3, 'Main Stock', 'Where most spareparts are placed'),
(4, 'Shop', 'Where things are fixed or replaced');

--
-- Dumping data for table `mail_types`
--

INSERT IGNORE INTO `mail_types` (`mail_type_id`, `enabled`, `mail_type_name`, `mail_type_description`) VALUES
(1, 0, 'external_mail', 'Mail sent to external parts'),
(2, 0, 'internal_mail', 'Mail sent to internal users'),
(3, 0, 'info_mail', 'Mail sent to informed users/customers'),
(4, 0, 'create_mail', 'Ticket created'),
(5, 0, 'status_mail', 'Ticket updated/status changed'),
(6, 0, 'close_ticket', 'Ticket Closed'),
(7, 1, 'system_replies', 'Replies for external mail receipt error');

--
-- Dumping data for table `models`
--

INSERT IGNORE INTO `models` (`model_id`, `model_name`, `model_description`, `model_type`, `model_manufactor`, `supplier_id`) VALUES
(1, 'DL380', 'Discrete Server', '5', 'Hewlett Packard', 23),
(2, 'BL360', 'Blade Server', '5', 'Hewlett Packard', 23),
(4, '3750', '', '6', 'Cisco', 23),
(5, '3750-X', '', '6', 'Cisco', 23),
(6, '3750-Y', '', '6', 'Cisco', 23),
(7, '3750-xy', '', '6', 'Cisco', 23);

--
-- Dumping data for table `ndocs_folders`
--

INSERT IGNORE INTO `ndocs_folders` (`folder_id`, `deleted`, `folder_name`, `folder_parent`) VALUES
(1, 0, 'root', 0);

--
-- Dumping data for table `os_types`
--

INSERT IGNORE INTO `os_types` (`os_types_id`, `os_types_name`, `os_types_version`) VALUES
(1, 'AIX / AIXL', ''),
(2, 'AmigaOS', ''),
(3, 'BSD', 'asdfasdf'),
(4, 'Linux', ''),
(5, 'Linux', 'Caldera'),
(6, 'Linux', 'Corel'),
(7, 'Linux', 'Debian'),
(8, 'Linux', 'Kondara'),
(9, 'Linux', 'Mandrake'),
(10, 'Linux', 'Red Hat'),
(11, 'Linux', 'Slackware'),
(12, 'Linux', 'SuSE'),
(13, 'Linux', 'Turbo'),
(14, 'Linux', 'Vector'),
(15, 'DUnix', ''),
(16, 'DYNIX/ptx', ''),
(17, 'HP-UX', ''),
(18, 'IRIX', ''),
(19, 'MAC OS', '8'),
(20, 'MAC OS', '9'),
(21, 'MAC OS', '10'),
(22, 'MAC OS', 'X'),
(23, 'MINIX', ''),
(24, 'MS-DOS', '1.x'),
(25, 'MS-DOS', '2.x'),
(26, 'MS-DOS', '3.x'),
(27, 'MS-DOS', '4.x'),
(28, 'MS-DOS', '5.x'),
(29, 'MS-DOS', '6.x'),
(30, 'NEXTSTEP', ''),
(31, 'OSF/1', ''),
(32, 'QNX', ''),
(33, 'SCO', ''),
(34, 'Sun Solaris', ''),
(35, 'System', '1'),
(36, 'System', '2'),
(37, 'System', '3'),
(38, 'System', '4'),
(39, 'System', '6'),
(40, 'System', '7'),
(41, 'System', 'V'),
(42, 'Tru64 Unix', ''),
(43, 'Ultrix', ''),
(44, 'Unisys', ''),
(45, 'Unix', ''),
(46, 'UnixWare', ''),
(47, 'Windows', '2000'),
(48, 'Windows', '2003'),
(49, 'Windows', '2003 Web'),
(50, 'Windows', '2008'),
(51, 'Windows', '2008 R2'),
(52, 'Windows', '3.x'),
(53, 'Windows', '7'),
(54, 'Windows', '95'),
(55, 'Windows', '98'),
(56, 'Windows', 'CE'),
(57, 'Windows', 'ME'),
(58, 'Windows', 'NT'),
(59, 'Windows', 'Vista'),
(60, 'Windows', 'XP'),
(61, 'Xenix', ''),
(62, 'vmware', 'esx3.1'),
(63, 'vmware', 'esxi 5.0'),
(64, 'vmware', 'esxi 5.1'),
(66, 'BSD1', 'Next system'),
(68, 'BSD12', 'Next system'),
(70, 'BSD123', 'Next system');

--
-- Dumping data for table `parts`
--

INSERT IGNORE INTO `parts` (`part_id`, `part_type_id`, `part_name`, `part_description`, `part_number`, `location_id`, `position_id`, `supplier_id`, `part_cost`, `part_in_stock`, `part_currency`, `part_currency_string`) VALUES
(1, 1, 'IBM 300Gb 15K', '<p>sviner disk nummer 1</p>', 'asdfasdf', 6, 10, 5, '100', '-130', 0, ''),
(2, 2, 'HP C7000', '<p>HP C700 Enclosure</p>', '256', 0, 0, 2, '500', '129', 0, '');

--
-- Dumping data for table `part_types`
--

INSERT IGNORE INTO `part_types` (`part_type_id`, `part_type_name`, `part_type_description`) VALUES
(1, 'Harddrive', 'Spinner'),
(2, 'SDD', 'Solid State Drive');

--
-- Dumping data for table `password_types`
--

INSERT IGNORE INTO `password_types` (`pwd_type_id`, `pwd_type_name`, `pwd_type_description`) VALUES
(1, 'ILO', 'ILO password'),
(2, 'System', 'Low level password'),
(3, 'SNMP', 'Snmp password per asset');

--
-- Dumping data for table `project_stati`
--

INSERT IGNORE INTO `project_stati` (`project_stati_id`, `project_stati_name`, `project_stati_description`, `project_stati_icon_link`, `project_stati_icon_color`) VALUES
(1, 'Created', 'Project is created and awaits assignment of tasks, users and timelines', 'icons-new', 'red'),
(2, 'In Progress', 'The project is open and being worked on.&lt;br /&gt;', 'icons-hot', 'green'),
(3, 'Closed', 'Project has been terminated and ressources has been released.', 'icons-lock', 'black'),
(4, 'Reopened', 'The project has been reopened. Ask project leader for status/reason.', 'icons-normal', 'blue');

--
-- Dumping data for table `project_templates`
--

INSERT IGNORE INTO `project_templates` (`project_id`, `project_owner`, `project_leader`, `project_name`, `project_description`, `project_estimated_duration`, `project_estimated_duration_entity`, `project_creator`, `project_created_datetime`, `project_lastupdate_datetime`, `project_lastupdate_by`, `project_status`) VALUES
(1, 3, 0, 'Template1', '&amp;lt;p&amp;gt;Template for creating a simple project&amp;lt;/p&amp;gt;', '', 0, 3, '2018-11-22 19:54:09', '2018-11-22 20:12:15', 3, 1),
(2, 3, 0, 'Template2', '&lt;p&gt;Template for creating a simple project&lt;/p&gt;', '', 0, 3, '2018-11-22 20:12:35', '2018-11-22 20:16:03', 3, 0);

--
-- Dumping data for table `rights`
--

INSERT IGNORE INTO `rights` (`right_id`, `right_name`, `right_filename`, `right_short`, `right_desc`, `right_group_id`) VALUES
(1, 'IPAssign', 'assign_ip_octets.php', 'IPAS', 'Assigning ip segments', 7),
(2, 'AdminCoreData', 'core_data_admin.php', 'ACD', 'Core Data - Pwd timeout aso.', 1),
(3, 'AdminCPU', 'CPU_admin.php', 'ACPU', 'CPU admin', 1),
(4, 'CreateAsset', 'create_asset.php', 'CASS', 'Creating a new asset', 8),
(5, 'CreateCluster', 'create_cluster.php', 'CCLU', 'Cluster Creation', 8),
(6, 'CreateContact', 'create_contact.php', 'CCON', 'Create contacts per customer', 8),
(7, 'CreateCustomer', 'create_customer.php', 'CCUS', 'Creating a new customer', 8),
(8, 'CreateDomain', 'create_domain.php', 'CDOM', 'Creating Domains', 8),
(9, 'CreateTicket', 'create_ticket.php', 'CINC', 'Creation of tickets', 2),
(11, 'Delete IP Segment', 'delete_ip_segment.php', 'DIPS', 'Removing an IP v.4 segment from a customer', 7),
(12, 'Download', 'download.php', 'DOWN', 'Download of files', 8),
(13, 'EditAsset', 'edit_asset.php', 'EASS', 'Update rights to an asset', 8),
(14, 'EditCircuit', 'edit_circuit.php', 'ECIR', 'Maintain circuits', 8),
(15, 'EditCircuitTypes', 'edit_circuit_types.php', 'ECIR', 'Admin of Circuit Types. Ranging from ISDN /PSTN to Fiber circuits', 8),
(16, 'EditCluster', 'edit_cluster.php', 'ECLU', 'Edit Cluster information', 8),
(17, 'EditContact', 'edit_contact.php', 'ECO', 'Edit contact data', 8),
(18, 'EditCustomer', 'edit_customer.php', 'ECUS', 'Edit Customer Data', 8),
(19, 'EditDomain', 'edit_domain.php', 'EDOM', 'Edit Domain data', 8),
(20, 'EditTicket', 'edit_ticket.php', 'EINC', 'Edit an ticket (not followup)', 2),
(21, 'EditIPSegment', 'edit_ip_segment.php', 'EIP4', 'Edit an IP v.4 Segment', 7),
(22, 'LicensesEdit', 'edit_license.php', 'ELIC', 'Create and edit licenses for OS or Applications', 8),
(23, 'EditUser', 'edit_user.php', 'EUSE', 'Edit of user data', 9),
(25, 'ErrorView', 'error_view.php', 'EVIE', 'View Errors (MySQL)', 1),
(30, 'FileAdmin', 'fil_admin.php', 'FADM', 'File Administration', 13),
(31, 'FileListing', 'filelist.php', 'FLIS', 'Overview of export files. (And the option to delete them!)', 13),
(32, 'AdminTicketCategories', 'ticket_categories_admin.php', 'AICA', 'Admin of Ticket Categories', 1),
(33, 'AdminTicketTypes', 'ticket_type_admin.php', 'AITY', 'Admin of Ticket Types', 1),
(34, 'LicenseAdmin', 'license_admin.php', 'ALIC', 'Admin of System License(s) for Noah', 1),
(35, 'ListAssets', 'list_assets.php', 'LASS', 'List Assets', 8),
(36, 'ListCircuits', 'list_circuits.php', 'LCIR', 'List Circuits', 8),
(37, 'ListCustomers', 'list_customers.php', 'LCUS', 'List Customers', 8),
(38, 'ListNetwork', 'list_network.php', 'LIPS', 'List IP Segments', 7),
(39, 'ListLicenses', 'list_licenses.php', 'LLIC', 'List Licenses - An complete overview', 8),
(40, 'UserList', 'list_users.php', 'LUSE', 'List Users', 8),
(41, 'AdminLocations', 'locations_admin.php', 'ALOC', 'Admin of Locations', 1),
(42, 'Admin OS', 'OS_admin.php', 'AOS', 'Admin of Operating Systems', 1),
(43, 'AdminPositions', 'positions_admin.php', 'APOS', 'Admin of Positions. Locations usually need to be created first.', 1),
(44, 'AdminPwdTypes', 'pwd_type_admin.php', 'APWD', 'Admin of Password Types  (Ilo, System aso)', 1),
(45, 'AdminAccessRights', 'right_admin.php', 'AAR', 'Administrative rights to alter the rights to access certain functions', 1),
(46, 'AdminStatus', 'status_admin.php', 'ASTA', 'Admin of Asset Status', 1),
(47, 'AdminTypes', 'type_admin.php', 'ATYP', 'Admin of Asset Types', 1),
(48, 'UserUpdate', 'update_user.php', 'UUSE', 'Update User Data', 8),
(49, 'AdminUser', 'user_admin.php', 'UADM', 'Admin of Users', 1),
(50, 'AdminUserGroups', 'user_group_admin.php', 'AUG', 'Admin of User Groups', 1),
(51, 'UserOverView', 'user_view_admin.php', 'UVIE', 'Overview of Users (Admin)', 1),
(52, 'ViewAsset', 'view_asset.php', 'VASS', 'View Asset Data', 8),
(53, 'ViewCircuit', 'view_circuit.php', 'VCIR', 'View Circuit Data', 8),
(54, 'ViewCustomer', 'view_customer.php', 'VCUS', 'View Customer Data', 8),
(55, 'ViewIPv4', 'view_ip_segment.php', 'VIPS', 'View IP v4 Segment', 7),
(56, 'ViewLocation', 'view_location.php', 'VLOC', 'View Location', 8),
(57, 'UserView', 'view_user.php', 'UV', 'View User Data', 8),
(59, 'Stats: Tickets Period', 'tickets_period.php', 'SIP', 'Shows Tickets created pr. week in a year', 5),
(60, 'Stats: Tickets Open/Closed', 'tickets_open_closed.php', 'SIOC', 'Shows Tickets Created and Closed per week in a year', 5),
(61, 'Stats: Customers Period', 'customers_period.php', 'SCP', 'Shows customers created per week in a year', 5),
(62, 'Stats: Assets Period', 'asset_period.php', 'SAP', 'Shows Assets created pr. week in a year', 5),
(63, 'OrderBackup', 'create_backup_order.php', 'CBO', 'Creation of backup order', 10),
(64, 'OrderStorage', 'create_storage_order.php', 'CSO', 'Creation of storage order', 10),
(65, 'StorageCreate', 'create_disk_group.php', 'CDG', 'Create a diskgroup on an asset set as disksystem', 14),
(66, 'StorageEdit', 'edit_disk_group.php', 'EDG', 'Edit a diskgroup created on a disksystem', 14),
(69, 'Extraction', 'extraction.php', 'Extr', 'Extraction of Data from the db', 12),
(72, 'UserGuide', 'user_guide.php', 'UG', '', 8),
(73, 'ReservedAssetsList', 'list_reserved.php', 'RAL', '', 8),
(74, 'ReservedAssetsCreate', 'create_reserved_assets.php', 'RAC', '', 8),
(75, 'StorageList', 'list_disks.php', 'STL', 'List available disksystems with attached Luns/Vdisks', 14),
(76, 'VlanList', 'list_vlan.php', 'VLL', '', 7),
(77, 'VlanEdit', 'edit_vlan.php', 'VLE', '', 7),
(78, 'OrderList', 'list_orders.php', 'OL', 'List all orders', 10),
(79, 'OrderView', 'view_order.php', 'OV', 'View specific order', 10),
(80, 'ImportAssets', 'import_assets.php', 'IMA', 'Import Assets into Noah', 11),
(81, 'ImportCustomers', 'import_customers.php', 'IMC', 'Import Customers into Noah', 11),
(82, 'AStatus', 'status.php', 'AST', 'Administrator Status. View of the current enabled modules (in php) and current errors.', 1),
(84, 'Manual', 'manual.php', 'MAN', 'Administrator Manual', 1),
(85, 'AssetImport', 'a_import.php', 'AIMP', '', 11),
(86, 'CustomerImport', 'c_import.php', 'CIMP', '', 11),
(87, 'TimeTicket', 'time_ticket.php', 'TINS', 'Start and Stop time in ticket', 2),
(88, 'UpdateTicket', 'update_ticket.php', 'UI', 'Creating an followup to an ticket', 2),
(89, 'OverViewUserTickets', 'overview_user_tickets.php', 'OUI', 'Giving an overview of the current tickets the user is a part of.', 2),
(90, 'ViewTicket', 'view_ticket.php', 'VI', 'Viewing an tickets particulars', 2),
(91, 'ViewAllCustomerTickets', 'view_all_customer_tickets.php', 'VACI', 'View all the tickets belonging to an customer', 2),
(92, 'ViewTickets', 'view_tickets.php', 'VIS', 'View all tickets', 2),
(93, 'AdminTemplate', 'template_admin.php', 'TEMP', 'Administration of templates for rights', 1),
(94, 'EditFollowup', 'edit_followup.php', 'EFO', 'Ability to edit an followup.. You may only edit an followup created by your self.', 2),
(95, 'Create Reserved Assets', 'create_reserved_asset.php', 'CRAS', 'You may reserve assets by giving name <i>PRINTED</i> to an asset.', 8),
(96, 'ListClusters', 'list_clusters.php', 'LCLU', 'List Clusters', 8),
(97, 'ListContacts', 'list_contacts.php', 'LCON', 'List Contacts for customers', 8),
(98, 'ListDomains', 'list_domains.php', 'LDOM', 'List domains for customers', 8),
(99, 'ViewLicense', 'view_license.php', 'VLIC', 'View Licenses to customers.', 8),
(100, 'TestLdap', 'test_ldap.php', 'Test', 'Test Ldap connection to an AD Server', 1),
(101, 'TestMail', 'test_mail.php', 'Test', 'Test mail sending to core mail', 1),
(102, 'ViewTicketUser', 'view_user_tickets.php', 'View', 'View Users Tickets Overview', 2),
(103, 'OrderServer', 'create_server_order.php', 'ORDS', 'Creating an order for a server', 10),
(104, 'AgreementView', 'view_agreement.php', 'AGRV', 'View an agreement', 8),
(105, 'AgreementCreate', 'create_agreement.php', 'AGRC', 'Create an agreement. Remember the supplier..', 8),
(106, 'SupplierView', 'view_supplier.php', 'SUPV', 'View Supplier Details', 8),
(107, 'SupplierCreate', 'create_supplier.php', 'SUPC', 'Create Supplier Details', 8),
(109, 'AgreementEdit', 'edit_agreement.php', 'AGRE', 'Edit Agreement Details.', 8),
(110, 'AgreementList', 'list_agreements.php', 'AGRL', 'List agreements', 8),
(111, 'SupplierList', 'list_suppliers.php', 'SUPL', 'List Suppliers', 8),
(112, 'SupplierEdit', 'edit_supplier.php', 'SUPE', 'Edit Supplier Details.', 8),
(113, 'VlanView', 'view_vlan.php', 'VLAN', 'View Vlan Details.', 7),
(114, 'ViewDeletedCustomers', 'view_deleted_customers.php', 'VDEC', 'View Deleted Customers', 8),
(115, 'ViewDeletedAssets', 'view_deleted_assets.php', 'VDEA', 'View Deleted Assets', 8),
(116, 'ViewAssetHistory', 'view_asset_history.php', 'VAH', 'View Asset History', 8),
(117, 'ViewContact', 'view_contact.php', 'VCON', 'View Contact Details', 8),
(118, 'ViewCustomerHistory', 'view_customer_history.php', 'VCH', 'View Customer History', 8),
(119, 'Upload Data', 'upload.php', 'UPLO', 'Upload Data eg. files or images.', 13),
(120, 'TicketUsers', 'tickets_users.php', 'INUS', 'Ticket Users Overview', 2),
(121, 'TicketsGroups', 'tickets_groups.php', 'INGR', 'Ticket Groups overview', 2),
(122, 'AdminContactType', 'contact_type_admin.php', 'ACON', 'Edit the different contact types', 1),
(123, 'OrderClose', 'close_order.php', 'OCLO', 'Close an order {server, backup, storage}', 10),
(124, 'EditLocation', 'edit_location.php', 'ELOC', 'Edit a specific locations details', 8),
(125, 'OrderShowBackup', 'show_backup_order_details.php', 'OSB', 'Show specific order for backup details', 10),
(126, 'OrderShowServer', 'show_server_order_details.php', 'OSS', 'Show specific order for server details', 10),
(127, 'OrderShowStorage', 'show_storage_order_details.php', 'OSST', 'Show specific order for storage details', 10),
(128, 'EditPostition', 'edit_position.php', 'EPOS', 'Edit specific postition details', 8),
(129, 'Stats: TicketsAssets', 'tickets_assets.php', 'SIA', 'Stats: Tickets per specific Asset', 5),
(130, 'Stats: TicketsCustomers', 'tickets_customers.php', 'SIC', 'Stats: Tickets per specific customer', 5),
(131, 'TestImap', 'test_imap.php', 'TIMA', 'Core Admin Test Imap connection', 1),
(132, 'NDocs Index', 'index.php', 'NDI', 'Delete / Edit folders and files in NDocs', 3),
(133, 'NDocs Create Document', 'create_document.php', 'ncdo', 'Create a document in NDocs', 3),
(134, 'NDocs Create Folder', 'create_folder.php', 'ndcf', 'Create a folder in NDocs', 3),
(135, 'DeleteFollowUp', 'delete_followup.php', 'DFU', 'Delete an ticket followup - if it was created by you.', 2),
(136, 'NDocs Delete Document', 'delete_document.php', 'nddd', 'Delete a document in NDocs', 3),
(137, 'NDocs Delete File', 'delete_file.php', 'nddf', 'Delete a file in NDocs', 3),
(138, 'NDocs Delete Folder', 'delete_folder.php', 'nddf', 'Delete folder in NDocs', 3),
(139, 'NDocs Get Document Data', 'document_data.php', 'ndgd', 'View the document data in NDocs', 3),
(140, 'NDocs List Documents', 'document_list.php', 'ndld', 'List Documents in NDocs', 3),
(141, 'NDocs List Folders', 'folder_list.php', 'ndlf', 'List Folders in NDocs', 3),
(142, 'NDocs Get Document Info', 'document_info.php', 'ndgd', 'View the document info in NDocs', 3),
(143, 'NDocs Update Document', 'update_document.php', 'ndud', 'Update an document in NDocs', 3),
(144, 'PurgeAgreementAssets', 'agreement_asset_purge.php', 'PAA', 'Purging assets imported to an agreement', 1),
(145, 'PurgeNdocs', 'ndocs_purge.php', 'PND', 'Purging deleted folders, documents and/or files from NDocs', 3),
(146, 'NDocs Reclaim', 'ndocs_reclaiming.php', 'NREC', 'Reclaim deleted folders, documents and / or files from NDocs', 3),
(148, 'ExtractionsList', 'list_extractions.php', 'ELI', 'List extractions saved', 12),
(149, 'FindingsList', 'list_findings.php', 'FILI', 'List different findings in Noah (errors or missing data)', 8),
(150, 'ImportAgreementSerial', 'import_agreement_data.php', 'IAS', 'Import assets with serialnumber to an agreement', 11),
(151, 'AdminUserProvidedEquipment', 'user_provided_equipment_admin.php', 'AUPT', 'Equipment provided for the user. It can be a laptop, mobilephone or even an internetconnection.', 1),
(152, 'ListLocations', 'list_locations.php', 'LLO', 'Get an overview of the locations', 8),
(153, 'SLAView', 'view_sla.php', 'SLAV', 'View SLA specifications', 8),
(154, 'ViewCircuitHistory', 'view_circuit_history.php', 'VCH', 'View the history of a circuit', 8),
(155, 'AgreementImport', 'agree_import.php', 'AGIM', 'Import Agreement data', 11),
(156, 'SLACreate', 'create_sla.php', 'SLCR', 'Create a SLA', 8),
(157, 'SLAEdit', 'edit_sla.php', 'SLED', 'Edit a SLA', 8),
(158, 'SLAList', 'list_slas.php', 'SLLI', 'List SLAs', 8),
(159, 'ImpactView', 'impact_view.php', 'IVIE', 'View Assets connection to other assets', 4),
(160, 'ResponsibleOverview', 'responsible_overview.php', 'ROVE', 'Get an overview of an responsibles domains, licenses aso.', 8),
(161, 'DeleteInterface', 'delete_ip_interface.php', 'DINT', 'Delete an interface. Activated from Noah Findings.', 8),
(162, 'ListGroup', 'list_group.php', 'LGR', 'Listing of rights assigned to group and users connected to the group', 8),
(163, 'AgreementPurging', 'agreement_asset_purging.php', 'AAP', 'Purge the Assets set for removal from an Agreement.', 1),
(164, 'NDocsReclaimFiles', 'ndocs_reclaim.php', 'NDRF', '', 2),
(165, 'NDocsPurgeFiles', 'ndocs_purging.php', 'NDPF', '', 2),
(166, 'AdminTicketSubTypes', 'ticket_sub_type_admin.php', 'ATST', '', 1),
(167, 'AdminUpgradeNoah', 'upgrade_noah_admin.php', 'AUPN', 'Ability to upgrade Noah', 1),
(168, 'AdminMailRules', 'mail_rules_admin.php', 'AMR', 'Creating/Editing mail rules for incoming mails.', 1),
(169, 'AdminListIncomingMail', 'list_incoming_saved_mail.php', 'ALIM', 'List the incoming mails that has been saved.', 1),
(170, 'AdminBlackListMail', 'mail_blacklist_admin.php', 'ABLM', 'Ability to blacklist emails incoming', 1),
(171, 'AdminViewIncomingMail', 'view_incoming_saved_mail.php', 'AVIM', 'View the incoming mail', 1),
(172, 'StorageViewDiskGroup', 'view_disk_group.php', 'SVDG', 'View the currently selected diskgroup', 14),
(173, 'FileDeleteData', 'delete_file_data.php', 'FDD', 'Delete file data related to an uploaded file', 13),
(174, 'ListRFCPDFFiles', 'list_rfctopdf_tickets.php', 'LRFC', 'Ability to list and delete the RFC PDF files.', 8),
(175, 'Portal Rights', 'portal_right_admin.php', 'PRA', 'Customer Contacts Access to the Portal functions', 1),
(176, 'AdminAgreementType', 'agreement_type_admin.php', 'AAT', 'Agreement Types', 1),
(177, 'AdminCronScript', 'cron_script_admin.php', 'ACS', 'Administration of the Background scripts', 2),
(178, 'AdminMaintenanceType', 'mm_type_admin.php', 'AMT', '', 2),
(179, 'AdminSLAType', 'sla_type_admin.php', 'ASLA', '', 1),
(180, 'AdminResponceType', 'type_of_response_admin.php', 'ART', '', 1),
(181, 'MaintenanceCreate', 'create_maintenance.php', 'MCRE', '', 8),
(182, 'MaintenanceEdit', 'edit_maintenance.php', 'MED', '', 8),
(183, 'MaintenanceList', 'list_maintenance.php', 'MLIS', '', 8),
(184, 'VIPList', 'list_vips.php', 'VIPL', '', 7),
(185, 'SLATypeView', 'view_sla_type.php', 'SLAV', '', 8),
(186, 'MaintenanceView', 'view_maintenance.php', 'MVIE', '', 8),
(187, 'EnclosureTemplateAdmin', 'enclosure_template_admin.php', '', 'Enclosure Templates defines different makes of enclosures.', 1),
(188, 'LocationFloorOverviewAdmin', 'location_floor_overview_admin.php', 'LOFO', 'Design the floorspacing of the specific location', 1),
(189, 'ExtractionUniversal', 'univ_extraction_module.php', '', 'Supplies with selected data', 12),
(190, 'ViewPositionOverview', 'view_position_overview.php', '', '', 8),
(191, 'ViewLocationFloorOverview', 'view_location_floor_overview.php', '', '', 8),
(192, 'EnclosureView', 'view_enclosure.php', '', '', 8),
(193, 'EnclosureEdit', 'edit_enclosure.php', '', '', 8),
(194, 'ReportWarrantyExpire', 'report_warranty.php', '', '', 12),
(195, 'ReportAgreementExpire', 'report_agreement.php', '', '', 12),
(196, 'ReportDomainExpire', 'report_domain.php', '', '', 12),
(197, 'ReportLicenseExpire', 'report_license.php', '', '', 12),
(198, 'EnclosureList', 'list_enclosures.php', '', '', 8),
(199, 'AdminItemTypes', 'item_type_admin.php', '', '', 1),
(200, 'EscalalationEdit', 'edit_escalation_settings.php', '', 'Escalation Settings', 8),
(201, 'TicketsBreached', 'tickets_breached.php', '', '', 2),
(202, 'TicketsEscalated', 'tickets_escalated.php', '', '', 2),
(203, 'TicketMarkAsSpam', 'mark_ticket.php', '', 'Mark Ticket as Spam', 2),
(204, 'ExtractionTicket', 'ticket_extraction_module.php', '', 'Extract Data based on tickets', 12),
(205, 'IOGroupCreate', 'create_io_group.php', '', '', 8),
(206, 'IOGroupEdit', 'edit_io_group.php', '', '', 8),
(207, 'TicketSummaryHistory', 'its_summary_history.php', '', '', 2),
(208, 'ListEscalatedMaintenance', 'list_esc_maintenance.php', '', '', 8),
(209, 'ListDeactivatedMaintenance', 'list_de_maintenance.php', '', '', 8),
(210, 'ApproveEscalatedTicket', 'approve_ticket.php', '', 'Leaders option to approve an Escalated Ticket', 2),
(211, 'TicketEscalate', 'escalate_ticket.php', '', 'Escalate ticket to nearest leader', 2),
(212, 'ReportList', 'list_reports.php', 'RELI', '', 12),
(213, 'ReportEscalatedTickets', 'report_escalated_tickets.php', 'RETI', '', 12),
(214, 'Password Export', 'export_passwords_to_csv.php', 'PWDE', 'Ability to export passwords to CSV file (for backup purposes)', 1),
(215, 'Application Admin', 'applications_admin.php', 'AAAD', 'Ability to administer applications', 1),
(216, 'Application List', 'list_applications.php', 'AALS', '', 8),
(217, 'Application View', 'view_application.php', 'AAVI', '', 8),
(218, 'AdminJobTitle', 'jobtitle_admin.php', 'AJT', 'Administration of jobtitles', 1),
(219, 'AdminSecurityType', 'security_type_admin.php', 'AST', 'Administration of security types', 1),
(220, 'AdminBackup', 'backups_admin.php', 'AdmB', '', 1),
(221, 'AdminEventType', 'event_type_admin.php', '', 'Administer Event Types for usage in Calendar. (Holiday, Illness, aso)', 1),
(222, 'WorkflowList', 'list_workflows.php', '', '', 8),
(223, 'AdminRightGroup', 'right_group_admin.php', '', 'Administer grouping of rights - used to allocate rights a more easy way.', 1),
(224, 'AdminWorkFlow', 'wf_task_admin.php', '', '', 1),
(225, 'AdminProjectStati', 'project_stati_admin.php', '', '', 1),
(226, 'AdminProjectTask', 'project_task_admin.php', '', '', 1),
(227, 'AdminSkills', 'skills_admin.php', '', 'Administer user skills', 1),
(228, 'Search', 'search.php', '', '', 8),
(229, 'SkillsAssign', 'assign_skills.php', '', '', 8),
(230, 'ReportBackup', 'report_backup.php', '', '', 12),
(231, 'ReportOrders', 'report_orders.php', '', '', 12),
(1114, 'MarkMail', 'mark_mail.php', 'MMai', 'Marking Mail for deletion or escalation', 8),
(1115, 'PHPINFO', 'phpinfo.php', 'PHPI', 'Displaying core data for the servers PHP setup', 1),
(1116, 'AdminProjectTemplate', 'project_template_admin.php', '', 'Administration of project templates.', 10),
(1117, 'Export', 'select_exports.php', 'Expo', 'Selects export types', 12),
(1118, 'OrderAddDelivery', 'add_delivery.php', 'ORDA', 'Ability to mark items as received in Orders', 6),
(1119, 'OrderAddPurchase', 'add_purchase.php', 'ORDA', 'Ability to mark items as purchased in Orders', 6),
(1120, 'AssetCircuitAssign', 'assign_asset_circuit.php', '', 'Assignment of circuit to asset', 8),
(1121, 'OrderComplete', 'complete_order.php', 'ORDC', 'Complete Order.', 6),
(1122, 'OrderCopy', 'copy_order.php', 'ORDC', 'Copy an order', 6),
(1123, 'OrderCreate', 'create_order.php', 'ORDC', 'Create an order', 6),
(1124, 'OrderDelete', 'delete_order.php', 'ORDD', 'Delete an order', 6),
(1125, 'OrderDescide', 'descide_order.php', 'ORDD', 'Descide if order is approved or rejected', 6),
(1126, 'OrderEdit', 'edit_order.php', 'ORDE', 'Update order with details or items', 6),
(1127, 'AddressCreate', 'create_address.php', 'ADDC', 'Create a new address', 8),
(1128, 'CalendarCreate', 'create_calendar.php', 'CALC', 'Create a new calendar', 8),
(1129, 'ProjectCreate', 'create_project.php', 'PROC', 'Create a new project', 10),
(1130, 'ProjectDocDownload', 'download_pdoc.php', 'PROD', 'Download documentation related to a project', 10),
(1131, 'AddressEdit', 'edit_address.php', 'ADDE', 'Update an existing address', 8),
(1132, 'CalendarEdit', 'edit_calendar.php', 'CALE', 'Update an existing calendar', 8),
(1133, 'ExecOverview', 'exec_overview.php', 'EXEC', 'Main landing page', 8),
(1134, 'CalendarEvent', 'edit_event.php', 'CALE', 'Edit a calendar event', 12),
(1135, 'ProjectEdit', 'edit_project.php', 'PROE', 'Edit a project', 10),
(1136, 'AddressList', 'list_addresses.php', 'ADDL', 'List addresses in the addressbook', 8),
(1137, 'BackupList', 'list_backups.php', 'BACK', 'List backups', 8),
(1138, 'ProjectList', 'list_projects.php', 'PROL', 'List Projects', 10),
(1139, 'MaintenanceAckAsset', 'mm_ack_asset.php', 'MMAC', 'Acknowledge maintenance performed on asset', 8),
(1140, 'MaintenanceAckCircuit', 'mm_ack_circuit.php', 'MMAC', 'Acknowledge maintenance performed on circuit', 8),
(1141, 'MaintenanceAckCustomer', 'mm_ack_customer.php', 'MMAC', 'Acknowledge maintenance performed on customer', 8),
(1142, 'MaintenacneAckLocation', 'mm_ack_location.php', 'MMAC', 'Acknowledge maintenance performed on location', 8),
(1143, 'ProjectShowComment', 'print_project_comment.php', 'PROC', 'Display comments made on project', 10),
(1144, 'ProjectRequestSkills', 'request_project_skills.php', 'PROR', 'Request resources with specific skills for project', 10),
(1145, 'NetworkManipulation', 'select_networks_for_manipulation.php', 'NETS', 'Select network for manipulation(split/join)', 7),
(1146, 'NetworkSplit', 'split_segment.php', 'NETS', 'Split networksegment into pieces', 7),
(1147, 'BackupView', 'view_backup.php', 'BACK', 'View backup data', 8),
(1148, 'CalendarView', 'view_calendar.php', 'CALV', 'View calendar', 8),
(1149, 'MapView', 'view_country_map.php', 'MAPV', 'View location map (googlemaps)', 8),
(1150, 'HistoryView', 'view_history.php', 'HISV', 'View history for asset, circuit, customer aso.', 8),
(1151, 'ProjectView', 'view_project.php', 'PROV', 'View project data', 10),
(1152, 'WorkflowSetStatus', 'wf_task_set_status.php', 'WFST', 'Set status of workflow to Approved or Rejected', 2),
(1153, 'EscalationAck', 'ack_escalation.php', 'ESCA', 'Acknowledge an escalation of a ticket or maintenance', 2),
(1154, 'TicketBreachedView', 'breached_tickets.php', 'TICB', 'View the list of breached tickets', 8),
(1155, 'Environment Admin', 'environment_admin.php', 'EnvA', 'Administration of environments', 1),
(1156, 'Job Functions Admin', 'jobfunction_admin.php', 'JobF', 'Job functions for users', 1),
(1157, 'Ticket Stati Admin', 'ticket_stati_admin.php', 'TSA', 'Ticket Stati', 1),
(1158, 'User Roles (Sod)', 'user_roles_admin.php', 'User', 'User roles related to Segregation of Duty.', 1),
(1159, 'Compliance Reporting', 'compliance.php', 'RepC', 'Compliance reporting based on environment and user roles on assets and applications', 12),
(1160, 'QR Images creation', 'create_asset_qr_list.php', 'QRCr', 'Creation of QR codes for assets', 8),
(1161, 'Ticket marked as invoiceable reporting', 'report_billable_tickets.php', 'RepB', 'Reports on tickets marked for invoiceable.', 8),
(1162, 'Projects reporting', 'report_projects.php', 'RepP', 'Reports on projects.', 8),
(1163, 'TicketTime reporting', 'report_timed_tickets.php', 'RepT', 'Reports on used time in tickets', 12),
(1164, 'Mark Alert', 'mark_alert.php', 'Aler', 'Marking alerts for a new status', 2),
(1165, 'View Alerts', 'view_alerts.php', 'Aler', 'View alerts sent through API from external monitoring system.', 2),
(1166, 'Environment View', 'view_environment.php', 'EnvV', 'View environments in system.', 8),
(1167, 'Ticket Acknowledge', 'ack_ticket.php', 'Tick', 'Acknowledge ticket for time start.', 2),
(1168, 'Ticket scrum overview', 'index_scrum.php', 'Tick', 'Scrum overview in tickets', 2),
(1169, 'Knowledge Base', 'list_kb_entries.php', 'KB', 'Knowledgebase entries.', 15),
(1170, 'AppResLevel', 'application_resilience_level_admin.php', 'AppL', 'Administration of Applications Resiliency Level', 1),
(1171, 'ImpactAdmin', 'impact_admin.php', 'AdmI', 'Administration of Impact levels for tickets', 2),
(1172, 'MandatoryFields', 'mandatory_fields.php', 'ManF', 'Setting mandatory fields within different areas', 1),
(1173, 'ModelAdmin', 'model_admin.php', 'AdmM', 'Administration of models. Currently asset models.', 8),
(1174, 'PartTypeAdmin', 'part_type_admin.php', 'AdmP', 'Administration of part types', 8),
(1175, 'ScrumLayout', 'scrum_layout_admin.php', 'AdmS', 'Defining ticket stati in scrum levels', 1),
(1176, 'UrgencyAdmin', 'urgency_admin.php', 'AdmU', 'Administration of Urgency levels for ticket', 2),
(1177, 'ReportEfficientUsers', 'report_efficient_users_tickets.php', 'Repo', '', 12),
(1178, 'ReportTicketExtraction', 'ticket_extraction_result.php', 'Repo', '', 12),
(1179, 'ProjectAssignSkills', 'assign_project_skills.php', 'Proj', '', 8),
(1180, 'KBEntryCreate', 'create_kb_entry.php', 'KBEn', '', 8),
(1181, 'KBEntryEdit', 'edit_kb_entry.php', 'KBEn', '', 8),
(1182, 'PartEdit', 'edit_part.php', 'Part', '', 8),
(1183, 'PartList', 'list_parts.php', 'Part', '', 8),
(1184, 'NetworkMergeNetwork', 'select_network_for_merging.php', 'Netw', '', 8),
(1185, 'PartView', 'view_part.php', 'Part', '', 8),
(1186, 'TicketFollow', 'follow_ticket.php', 'Tick', '', 2),
(1187, 'TicketUpdateTicketMail', 'update_send_mail_ticket.php', 'Tick', 'Update ticket and send it to customer', 2),
(1188, 'SwitchLayerEdit', 'edit_switchlayer.php', 'SLEd', 'Edit Switchlayer in Networks', 7),
(1189, 'SwitchLayerList', 'list_switchlayers.php', 'SLLi', 'List switchlayers in network', 7),
(1190, 'TicketsViewMail', 'view_ticket_mail.php', 'TVM', 'View Incoming Mail data', 2),
(1191, 'ReportEmailEdit', 'edit_email_report.php', 'REE', 'Edit report', 12),
(1192, 'ReportEmailConfig', 'email_report_configuration.php', 'REC', 'Configure Report', 12),
(1193, 'ReportsEmailList', 'email_reports.php', 'REL', 'List Reports', 12),
(1194, 'EmailTest', 'email_test.php', 'Test', 'Test email sending', 12),
(1195, 'NDocsUpdateFileData', 'update_file_data.php', 'NDOC', 'Updating File Data in Ndocs', 3),
(1196, 'NDocsUpdateFolder', 'update_folder.php', 'NDOC', 'Updating Folder in Ndocs', 3),
(1197, 'VPNEdit', 'edit_vpn.php', 'VPNE', 'Edit VPN', 7),
(1198, 'VPNList', 'list_vpns.php', 'VPNL', 'List VPNs', 7),
(1199, 'VPNView', 'view_vpn.php', 'VPNV', 'View VPN', 7),
(1200, 'AuditAdmin', 'audits_admin.php', 'AuAd', 'Restore ticket or asset data', 1),
(1201, 'ReportEmailConfig', 'ajax_email_report_configuration.php', 'REC', 'Configure Report', 12),
(1202, 'Create OAT Template', 'create_oat_template.php', 'ADM_', 'Creation of Operational Acceptance Test Template', 1),
(1203, 'Edit OAT Template', 'edit_oat_template.php', 'ADM_', 'Edit Operational Acceptance Test Template', 1),
(1204, 'List OAT Templates', 'oat_templates.php', 'ADM_', 'List OAT Templates', 1),
(1205, 'View OAT Template', 'show_oat_template.php', 'ADM_', 'View OAT Template', 1),
(1206, 'Extract Asset Data', 'asset_extraction_module.php', 'REP_', 'Extract Asset Data', 12),
(1207, 'Asset Extraction Result', 'asset_extraction_result.php', 'REP_', 'Result of extraction of asset data', 12),
(1208, 'Ticket Registration Report', 'report_ticket_registrations.php', 'REP_', 'Ticket Registration Reporting - Hours, Transport and Purchases', 12),
(1209, 'Create Certificate', 'create_certificate.php', 'CERT', 'Creation of certificate data', 8),
(1210, 'Edit Certificate', 'edit_certificate.php', 'CERT', 'Edit Certificate Data', 8),
(1211, 'List Certificates', 'list_certificates.php', 'CERT', 'List Certificates', 8),
(1212, 'View Certificate', 'view_certificate.php', 'CERT', 'Viev specific certificate data', 8),
(1213, 'View User Sessions', 'view_user_sessions.php', 'ADM_', 'View specific User Session. What have they submitted and which pages have the user accessed.', 1),
(1214, 'Ticket Registrations', 'ticket_registrations.php', 'TICK', 'Ticket Registration - Hours, Transport and Purchases', 8);

--
-- Dumping data for table `rights_group`
--

INSERT IGNORE INTO `rights_group` (`right_group_id`, `right_group_name`) VALUES
(1, 'Administrator'),
(2, 'Ticket System'),
(3, 'NDocs Documents'),
(4, 'Impact Viewer'),
(5, 'Statistics'),
(6, 'Orders'),
(7, 'Network'),
(8, 'Standard Data (Assets/Circuits/Customers)'),
(9, 'Users'),
(10, 'Projects'),
(11, 'Import'),
(12, 'Extraction / Reporting'),
(13, 'Files'),
(14, 'Storage'),
(15, 'KnowledgeBase');

--
-- Dumping data for table `rights_template_rel`
--

INSERT IGNORE INTO `rights_template_rel` (`template_id`, `right_id`) VALUES
(5, 4),
(5, 70),
(5, 71),
(5, 30),
(5, 63),
(5, 78),
(5, 64),
(5, 79),
(1, 113),
(1, 76),
(1, 92),
(1, 90),
(1, 56),
(1, 99),
(1, 55),
(1, 114),
(1, 115),
(1, 54),
(1, 117),
(1, 53),
(1, 52),
(1, 91),
(1, 57),
(1, 48),
(1, 51),
(1, 40),
(1, 72),
(1, 88),
(1, 87),
(1, 75),
(1, 59),
(1, 60),
(1, 61),
(1, 62),
(1, 73),
(1, 74),
(1, 89),
(1, 79),
(1, 64),
(1, 84),
(1, 39),
(1, 38),
(1, 98),
(1, 37),
(1, 97),
(1, 96),
(1, 36),
(1, 35),
(1, 22),
(1, 1),
(1, 31),
(1, 30),
(1, 23),
(1, 20),
(1, 94),
(1, 19),
(1, 18),
(1, 17),
(1, 16),
(1, 15),
(1, 14),
(1, 13),
(1, 12),
(1, 86),
(1, 9),
(1, 8),
(1, 7),
(1, 6),
(1, 5),
(1, 4),
(1, 95),
(1, 50),
(1, 44);

--
-- Dumping data for table `security_types`
--

INSERT IGNORE INTO `security_types` (`security_id`, `security_name`, `security_description`) VALUES
(1, 'ISDO', 'Only ISDO');

--
-- Dumping data for table `ticket_categories`
--

INSERT IGNORE INTO `ticket_categories` (`ticket_category_id`, `ticket_category_name`, `ticket_category_desc`) VALUES
(1, 'Customer Created', 'A Customer has found an issue'),
(2, 'Hardware', 'An hardware issue has occured'),
(3, 'Software', 'An Software issue occured');

--
-- Dumping data for table `ticket_stati`
--

INSERT IGNORE INTO `ticket_stati` (`ticket_stati_id`, `locked_record`, `ticket_stati_name`, `ticket_stati_description`, `ticket_stati_color`) VALUES
(1, 1, 'Open', 'The ticket is marked as open and not assigned or acked.', '#130a5a'),
(2, 1, 'Assigned', 'The ticket has been assigned to a user or group', '#11a916'),
(3, 1, 'Closed', 'The ticket has been closed and are no longer active.', '#1121e7'),
(4, 1, 'Marked as spam', 'The ticket has been marked as spam and is set for purging', '#ab1d1d'),
(5, 1, 'Time Started', 'The time has been started and the ticket is active', '#f28282'),
(6, 1, 'Time Stopped', 'The time has been stopped and the ticket is pending user.', '#ddf76b'),
(7, 1, 'Updated', 'The ticket has been updated', '#42f62d'),
(8, 1, 'Manual Escalation', 'The ticket has been escalated by a user and nearest leader has been informed.', '#028d00'),
(9, 1, 'Automatic Escalation', 'The ticket has been automatic escalated and nearest leader has been informed.', '#9a1212'),
(10, 1, 'Pending Customer', 'The ticket awaits responce from customer', '#44a981'),
(11, 1, 'Pending Supplier', 'The ticket awaits responce from supplier', '#315e4c'),
(12, 1, 'Pending User', 'The ticket awaits responce from another user.', '#7ba75c'),
(13, 1, 'Pending External Consultant', 'The ticket awaits responce from external Consultant', '#6a1792'),
(14, 1, 'ToDo', 'Ticket marked to be dealt with later', '#804000'),
(99, 1, 'Pending Ticket Closure', 'Awaits closure of other (selected) ticket.', '#808000');

--
-- Dumping data for table `ticket_sub_types`
--

INSERT IGNORE INTO `ticket_sub_types` (`ticket_sub_type_id`, `ticket_type_id`, `ticket_sub_type_name`, `ticket_sub_type_description`) VALUES
(2, 4, 'Storage', 'Storage Change/Addition'),
(3, 4, 'SW Upgrade', 'Upgrading software on asset(s)'),
(4, 4, 'HW Upgrade', 'Upgrading software on asset(s)/circuit(s)'),
(5, 4, 'Standard Change', 'A Standard Change is a pre approved change that is known?to be low on risk and impact.'),
(6, 8, 'Asset', 'Development in the cmdb'),
(16, 5, 'TestSub', 'Test of sub ticket additional lines'),
(17, 4, 'Standard Change', 'A Standard Change is a pre approved change that is known to be low on risk and impact.');

--
-- Dumping data for table `ticket_types`
--

INSERT IGNORE INTO `ticket_types` (`ticket_type_id`, `ticket_type_name`, `ticket_type_desc`, `locked_record`, `ticket_type_approvers`, `wf_task_id`) VALUES
(1, 'Order', 'Order for Storage/Backup/Server/Other', 1, 0, 0),
(2, 'Project', 'Ticket has been created as part of an Project', 1, 0, 0),
(3, 'Workflow', 'Relates to a specific Workflow', 1, 0, 0),
(4, 'Request for Change', 'An RfC - Request for Change -  is when an incident is planned.', 1, 1, 1),
(5, 'Customer Created', 'A customer has called in and claimed there is an issue', 0, 0, 0),
(6, 'Surveilance', 'Surveilance has tagged an incident', 0, 0, 0),
(7, 'OAT', 'Operational Acceptance Test', 1, 0, 0);

--
-- Dumping data for table `urgency_types`
--

INSERT IGNORE INTO `urgency_types` (`urgency_type_id`, `urgency_type_name`, `urgency_type_description`) VALUES
(1, 'Low', 'Downtime does not directly affect the business, such as single user or trivial services.'),
(2, 'Medium', 'Downtime acceptable as needed for Maintenance or changes with redundant or non-urgent services.'),
(3, 'High', 'Downtime acceptable within agreed limits.'),
(4, 'Critical', 'Downtime not accepted.');

--
-- Dumping data for table `user_functions`
--

INSERT IGNORE INTO `user_functions` (`user_function_id`, `user_function_name`, `user_function_description`, `user_function_amount`) VALUES
(1, 'CEO', 'Can approve much more than anyone', 1000000),
(2, 'COO', 'Can approve less than CEO', 100000);

--
-- Dumping data for table `user_job_titles`
--

INSERT IGNORE INTO `user_job_titles` (`user_job_title_id`, `user_job_title_name`, `user_job_title_description`) VALUES
(1, 'CEO', 'Chief Executive Officer'),
(2, 'CFO', 'Chief Financial Officer'),
(3, 'COO', 'Chief Operations Officer'),
(4, 'CIO', 'Chief Information Officer'),
(5, 'CSO', 'Chief Security Officer'),
(6, 'FE', 'Field Engineer'),
(7, 'Administrator', 'System administrator');

--
-- Dumping data for table `user_rights_rel`
--

INSERT IGNORE INTO `user_rights_rel` (`user_id`, `right_id`) VALUES
(1, 1),
(1, 4),
(1, 5),
(1, 6),
(1, 7),
(1, 8),
(1, 9),
(1, 12),
(1, 13),
(1, 14),
(1, 15),
(1, 16),
(1, 17),
(1, 18),
(1, 19),
(1, 20),
(1, 22),
(1, 31),
(1, 35),
(1, 36),
(1, 37),
(1, 38),
(1, 39),
(1, 40),
(1, 44),
(1, 48),
(1, 50),
(1, 52),
(1, 53),
(1, 54),
(1, 55),
(1, 56),
(1, 57),
(1, 59),
(1, 60),
(1, 61),
(1, 62),
(1, 63),
(1, 64),
(1, 72),
(1, 73),
(1, 74),
(1, 75),
(1, 76),
(1, 78),
(1, 79),
(1, 84),
(1, 86),
(1, 87),
(1, 88),
(1, 89),
(1, 90),
(1, 91),
(1, 92),
(1, 94),
(1, 95),
(1, 96),
(1, 97),
(1, 98),
(1, 99);

--
-- Dumping data for table `user_roles`
--

INSERT IGNORE INTO `user_roles` (`role_id`, `role_name`, `role_description`) VALUES
(1, 'IT Tester', 'Testing applications/infrastructure'),
(2, 'IT Developer', 'Developing applications. No access to live data.'),
(3, 'IT Operations', 'Personel with access to equipment for deploying into pre-/production'),
(4, 'IT Business', 'End users/managers with no access to test/development environments');

INSERT INTO `users` (`u_id`, `u_user_mode`, `u_user_type`, `u_sec_status`, `template_id`, `u_name`, `u_pwd`, `u_realname`,`u_email`) VALUES
(1, 0, 2, 4, 0, 'admin', 'r0dgr0d','Administrator', 'info@gnf.dk');

INSERT INTO `user_rights_rel` (`user_id`, `right_id`) VALUES
(1, 1),
(1, 4),
(1, 5),
(1, 6),
(1, 7),
(1, 8),
(1, 9),
(1, 12),
(1, 13),
(1, 14),
(1, 15),
(1, 16),
(1, 17),
(1, 18),
(1, 19),
(1, 20),
(1, 22),
(1, 31),
(1, 35),
(1, 36),
(1, 37),
(1, 38),
(1, 39),
(1, 40),
(1, 44),
(1, 48),
(1, 50),
(1, 52),
(1, 53),
(1, 54),
(1, 55),
(1, 56),
(1, 57),
(1, 59),
(1, 60),
(1, 61),
(1, 62),
(1, 63),
(1, 64),
(1, 72),
(1, 73),
(1, 74),
(1, 75),
(1, 76),
(1, 78),
(1, 79),
(1, 84),
(1, 86),
(1, 87),
(1, 88),
(1, 89),
(1, 90),
(1, 91),
(1, 92),
(1, 94),
(1, 95),
(1, 96),
(1, 97),
(1, 98),
(1, 99);

--
-- Indexes for dumped tables
--
